{
  "loss": [
    3.4469790080038365e-06,
    3.1335630410467274e-06,
    3.139533419016516e-06,
    3.1441065857507056e-06,
    3.1478057280764915e-06,
    3.1508848223893438e-06,
    3.153490524709923e-06,
    3.155718331981916e-06,
    3.1576350920659024e-06,
    3.159289690302103e-06,
    3.1607198707206408e-06,
    3.1619554192729993e-06,
    3.1630202101951e-06,
    3.163934479744057e-06,
    3.1647148261981783e-06,
    3.165375346725341e-06,
    3.165928319504019e-06,
    3.1663846584706334e-06,
    3.1668787414673716e-06,
    3.1672998375142924e-06,
    3.1676347589382203e-06,
    3.1678914638177957e-06,
    3.168076773363282e-06,
    3.168197281411267e-06,
    3.1682586723036366e-06,
    3.1682657208875753e-06,
    3.1682232020102674e-06,
    3.168135208397871e-06,
    3.168006060150219e-06,
    3.1678384857514175e-06,
    3.1677163860877044e-06,
    3.1675795071350876e-06,
    3.1674035199102946e-06,
    3.167191380271106e-06,
    3.16698060487397e-06,
    3.1668114388594404e-06,
    3.1666043014411116e-06,
    3.16636237585044e-06,
    3.166088390571531e-06,
    3.1658405532652978e-06
  ],
  "image_loss": [
    3.4445833989593666e-06,
    3.1258036869985517e-06,
    3.1258036869985517e-06,
    3.1258036869985517e-06,
    3.1258036869985517e-06,
    3.1258036869985517e-06,
    3.1258036869985517e-06,
    3.1258036869985517e-06,
    3.1258036869985517e-06,
    3.1258036869985517e-06,
    3.1258036869985517e-06,
    3.1258036869985517e-06,
    3.1258036869985517e-06,
    3.1258036869985517e-06,
    3.1258036869985517e-06,
    3.1258036869985517e-06,
    3.1258036869985517e-06,
    3.1258036869985517e-06,
    3.1258036869985517e-06,
    3.1258036869985517e-06,
    3.1258036869985517e-06,
    3.1258036869985517e-06,
    3.1258036869985517e-06,
    3.1258036869985517e-06,
    3.1258036869985517e-06,
    3.1258036869985517e-06,
    3.1258036869985517e-06,
    3.1258036869985517e-06,
    3.1258036869985517e-06,
    3.1258036869985517e-06,
    3.1258036869985517e-06,
    3.1258036869985517e-06,
    3.1258036869985517e-06,
    3.1258036869985517e-06,
    3.1258036869985517e-06,
    3.1258036869985517e-06,
    3.1258036869985517e-06,
    3.1258036869985517e-06,
    3.1258036869985517e-06,
    3.1258036869985517e-06
  ]
}