{
  "device": {
    "selected_device": "cpu",
    "cuda_available": false,
    "torch_version": "2.5.1+cpu",
    "cuda_device_count": 0
  },
  "grid": {
    "H": 64,
    "W": 64,
    "num_slices": 16,
    "pixel_size": 1e-06,
    "dz": 1e-06
  },
  "optics": {
    "wavelength": 5.32e-07,
    "n0": 1.0
  },
  "gaussian_count": 6,
  "primitive_parameter_count": 42,
  "splat_weight_min": 3.098131307055496e-09,
  "splat_weight_max": 1.9194685220718384,
  "splat_contrast_min": -0.011143246665596962,
  "splat_contrast_max": 0.018556630238890648,
  "ri_slice_min": -1.4918292379206832e-08,
  "ri_slice_max": 1.8469780371788147e-08,
  "phase_slice_min": -0.1761924773454666,
  "phase_slice_max": 0.21813732385635376,
  "output_intensity_mean": 0.9999988079071045,
  "output_intensity_std": 0.0072649745270609856,
  "output_intensity_min": 0.9479209184646606,
  "output_intensity_max": 1.0614063739776611,
  "forward_consistency_mse_vs_synthetic_target": 0.0
}