{
  "loss": [
    2.3501065697928425e-06,
    2.1986363663017983e-06,
    2.204515112680383e-06,
    2.2089752746978775e-06,
    2.212545950897038e-06,
    2.2154836187837645e-06,
    2.217937435489148e-06,
    2.220003807451576e-06,
    2.221750946773682e-06,
    2.223228420916712e-06,
    2.2244748834054917e-06,
    2.2255203475651797e-06,
    2.226389597126399e-06,
    2.227102640972589e-06,
    2.2276767595030833e-06,
    2.2281267320067855e-06,
    2.228464609288494e-06,
    2.228701532658306e-06,
    2.2288470518105896e-06,
    2.228909806945012e-06,
    2.2288968466455117e-06,
    2.228840003226651e-06,
    2.228826133432449e-06,
    2.2287413230515085e-06,
    2.2285919385467423e-06,
    2.22838298213901e-06,
    2.228119910796522e-06,
    2.227814093203051e-06,
    2.2275614810496336e-06,
    2.2272568003245397e-06,
    2.2269946384767536e-06,
    2.226784999947995e-06,
    2.226562855867087e-06,
    2.226367996627232e-06,
    2.2261215235630516e-06,
    2.225817070211633e-06,
    2.225459866167512e-06,
    2.22505377678317e-06,
    2.2246031221584417e-06,
    2.2241304122871952e-06
  ],
  "image_loss": [
    2.347467443541973e-06,
    2.1911848762101727e-06,
    2.1911848762101727e-06,
    2.1911848762101727e-06,
    2.1911848762101727e-06,
    2.1911848762101727e-06,
    2.1911848762101727e-06,
    2.1911848762101727e-06,
    2.1911848762101727e-06,
    2.1911848762101727e-06,
    2.1911848762101727e-06,
    2.1911848762101727e-06,
    2.1911848762101727e-06,
    2.1911848762101727e-06,
    2.1911848762101727e-06,
    2.1911848762101727e-06,
    2.1911848762101727e-06,
    2.1911848762101727e-06,
    2.1911848762101727e-06,
    2.1911848762101727e-06,
    2.1911848762101727e-06,
    2.1911848762101727e-06,
    2.1911848762101727e-06,
    2.1911848762101727e-06,
    2.1911848762101727e-06,
    2.1911848762101727e-06,
    2.1911848762101727e-06,
    2.1911848762101727e-06,
    2.1911848762101727e-06,
    2.1911848762101727e-06,
    2.1911848762101727e-06,
    2.1911848762101727e-06,
    2.1911848762101727e-06,
    2.1911848762101727e-06,
    2.1911848762101727e-06,
    2.1911848762101727e-06,
    2.1911848762101727e-06,
    2.1911848762101727e-06,
    2.1911848762101727e-06,
    2.1911848762101727e-06
  ]
}