{
  "device": "cpu",
  "settings": {
    "size": 64,
    "slices": 16,
    "wavelength": 5.32e-07,
    "pixel_size": 1e-06,
    "dz": 1e-06,
    "n0": 1.0,
    "focus_at_center": true,
    "object_type": "multiple_gaussians",
    "num_blobs": 6
  },
  "reference_commits": {
    "waller_lab_multi_slice": "76580ed45609e8d7fc84332fef72a2679bf270c4",
    "graphdeco_gaussian_splatting": "54c035f7834b564019656c3e3fcc3646292f727d"
  },
  "metrics": {
    "rebuilt_vs_waller_intensity_mse": 0.0,
    "rebuilt_vs_waller_intensity_max_abs": 0.0,
    "rebuilt_vs_waller_field_phase_abs_mean": 0.0,
    "legacy_phase_first_vs_waller_intensity_mse": 0.00017227372154593468,
    "legacy_phase_first_vs_waller_intensity_max_abs": 0.1307346224784851,
    "synthetic_target_vs_waller_reference_mse": 0.0,
    "splat_weight_min": 6.378032824105873e-11,
    "splat_weight_max": 2.627000331878662,
    "splat_depth_min": -4.084552529093344e-06,
    "splat_depth_max": 4.043262379127555e-06,
    "ri_slice_min": -9.975635428816076e-09,
    "ri_slice_max": 2.3438456508984018e-08
  },
  "intensity_stats": {
    "waller_reference": {
      "mean": 0.9999989867210388,
      "std": 0.004584367852658033,
      "min": 0.9446181058883667,
      "max": 1.0606558322906494
    },
    "rebuilt_current": {
      "mean": 0.9999989867210388,
      "std": 0.004584367852658033,
      "min": 0.9446181058883667,
      "max": 1.0606558322906494
    },
    "legacy_phase_first": {
      "mean": 0.9999995231628418,
      "std": 0.011706558056175709,
      "min": 0.9296995997428894,
      "max": 1.074427604675293
    }
  },
  "outputs": {
    "overview": "outputs/report_reference_compare/reference_compare_overview.png",
    "summary": "outputs/report_reference_compare/summary_reference_compare.json"
  }
}