{
  "loss": [
    2.2443540729000233e-05,
    2.3859794964664616e-05,
    2.3865739422035404e-05,
    2.387029780948069e-05,
    2.387398126302287e-05,
    2.3877046260167845e-05,
    2.3879641958046705e-05,
    2.3881862944108434e-05,
    2.3883776520960964e-05,
    2.388543180131819e-05,
    2.388686698395759e-05,
    2.3888112991699018e-05,
    2.3889189833425917e-05,
    2.3890121156000532e-05,
    2.3890923330327496e-05,
    2.389160727034323e-05,
    2.3892234821687452e-05,
    2.3892796889413148e-05,
    2.3893266188679263e-05,
    2.3893742763902992e-05,
    2.3894139303592965e-05,
    2.3894457626738586e-05,
    2.389470682828687e-05,
    2.389489054621663e-05,
    2.3895017875474878e-05,
    2.389513792877551e-05,
    2.3895237973192707e-05,
    2.3895325284684077e-05,
    2.389536348346155e-05,
    2.3895354388514534e-05,
    2.3895303456811234e-05,
    2.3895212507341057e-05,
    2.389514702372253e-05,
    2.3895074264146388e-05,
    2.3895026970421895e-05,
    2.389495784882456e-05,
    2.389485052844975e-05,
    2.389476685493719e-05,
    2.3894686819403432e-05,
    2.3894615878816694e-05
  ],
  "image_loss": [
    2.24408049689373e-05,
    2.385087100265082e-05,
    2.385087100265082e-05,
    2.385087100265082e-05,
    2.385087100265082e-05,
    2.385087100265082e-05,
    2.385087100265082e-05,
    2.385087100265082e-05,
    2.385087100265082e-05,
    2.385087100265082e-05,
    2.385087100265082e-05,
    2.385087100265082e-05,
    2.385087100265082e-05,
    2.385087100265082e-05,
    2.385087100265082e-05,
    2.385087100265082e-05,
    2.385087100265082e-05,
    2.385087100265082e-05,
    2.385087100265082e-05,
    2.385087100265082e-05,
    2.385087100265082e-05,
    2.385087100265082e-05,
    2.385087100265082e-05,
    2.385087100265082e-05,
    2.385087100265082e-05,
    2.385087100265082e-05,
    2.385087100265082e-05,
    2.385087100265082e-05,
    2.385087100265082e-05,
    2.385087100265082e-05,
    2.385087100265082e-05,
    2.385087100265082e-05,
    2.385087100265082e-05,
    2.385087100265082e-05,
    2.385087100265082e-05,
    2.385087100265082e-05,
    2.385087100265082e-05,
    2.385087100265082e-05,
    2.385087100265082e-05,
    2.385087100265082e-05
  ]
}