{
  "loss": [
    2.4738449155847775e-07,
    1.4220978528101114e-07,
    1.478894233741812e-07,
    1.5206693149139028e-07,
    1.5529897723354225e-07,
    1.578569168714239e-07,
    1.59899286700238e-07,
    1.6152944226632826e-07,
    1.628198731395969e-07,
    1.6386982792937488e-07,
    1.6498326260716567e-07,
    1.6583557282956463e-07,
    1.6645995515318646e-07,
    1.6688390758190508e-07,
    1.671306222306157e-07,
    1.6721982376566302e-07,
    1.6726680485135148e-07,
    1.6739906527618587e-07,
    1.6761225651862333e-07,
    1.6766816202107293e-07,
    1.6758190213295165e-07,
    1.673812306535183e-07,
    1.6719627637939993e-07,
    1.6688980508661189e-07,
    1.664731712480716e-07,
    1.6608873920631595e-07,
    1.6560609594762354e-07,
    1.650278704801167e-07,
    1.6458680818232096e-07,
    1.6415333448094316e-07,
    1.6388243295750726e-07,
    1.6349217446531839e-07,
    1.6299304661515635e-07,
    1.6248228007498255e-07,
    1.6192039709039818e-07,
    1.6126318769238424e-07,
    1.60546065330891e-07,
    1.6000731761778297e-07,
    1.5940528896862816e-07,
    1.5870840286424936e-07
  ],
  "image_loss": [
    2.446778921694204e-07,
    1.3569056989126693e-07,
    1.3569056989126693e-07,
    1.3569056989126693e-07,
    1.3569056989126693e-07,
    1.3569056989126693e-07,
    1.3569056989126693e-07,
    1.3569056989126693e-07,
    1.3569056989126693e-07,
    1.3569056989126693e-07,
    1.3569056989126693e-07,
    1.3569056989126693e-07,
    1.3569056989126693e-07,
    1.3569056989126693e-07,
    1.3569056989126693e-07,
    1.3569056989126693e-07,
    1.3569056989126693e-07,
    1.3569056989126693e-07,
    1.3569056989126693e-07,
    1.3569056989126693e-07,
    1.3569056989126693e-07,
    1.3569056989126693e-07,
    1.3569056989126693e-07,
    1.3569056989126693e-07,
    1.3569056989126693e-07,
    1.3569056989126693e-07,
    1.3569056989126693e-07,
    1.3569056989126693e-07,
    1.3569056989126693e-07,
    1.3569056989126693e-07,
    1.3569056989126693e-07,
    1.3569056989126693e-07,
    1.3569056989126693e-07,
    1.3569056989126693e-07,
    1.3569056989126693e-07,
    1.3569056989126693e-07,
    1.3569056989126693e-07,
    1.3569056989126693e-07,
    1.3569056989126693e-07,
    1.3569056989126693e-07
  ]
}